NAZWA_TOWARU,KOD,ILOSC,nr z odkupu
Filtr paliwa Filtron PP 968,5904608009685,1,1
Filtr paliwa FILTRON PS 921,5904608009210,1,1
Filtr paliwa B3W033PR,IC-BA7097,1,1
Filtr paliwa Filtron PP 979/4,5904608059796,1,1
Filtr paliwa Bosch 1 457 434 314 PP968,3165143410790,1,1
Filtr paliwa Filtron PE 973/2,5904608049735,1,1
Filtr paliwa Filtron PP 960/1,5904608029607,1,1
Filtr paliwa Filtron PP 940,5904608009401,1,1
Filtr paliwa Filtron PP 950,5904608009500,1,1
Filtr paliwa Filtron PM 936,5904608009364,1,1
Filtr paliwa B3G005PR PP 865/2,IC-A9C494,1,1
Filtr paliwa FILTRON PS 865/4,5904608058652,2,1
Filtr paliwa FILTRON PP839/4,5904608048394,1,1
Filtr paliwa FILTRON PP 841,5904608008411,1,1
Filtr paliwa FILTRON PP 840,5904608008404,1,1
Filtr paliwa Bosch 1 457 434 437,3165143430712,1,1
Filtr paliwa FILTRON PP 848/1,5904608018489,1,1
Filtr paliwa Filtron PM 858,5904608008589,2,1
Filtr paliwa Filtron PS860,5904608008602,2,1
Filtr paliwa Filtron PP 865/5,5904608068651,1,1
PX C446,3286061813651,1,1
Filtr paliwa Filtron PP 838/1,5904608018380,2,1
Filtr paliwa B3W018PR PP 836/1,IC-AA0B25,1,1
Filtr paliwa B3G011PR PP 865,IC-AA0B52,1,1
Filtr paliwa B30329PR,IC-A94B36,1,1
Filtr paliwa Filtron PP 848/2,5904608038487,1,1
Filtr paliwa FILTRON PP 850,5904608008503,1,1
Filtr paliwa Filtron PP 855,5904608008558,1,1
Filtr paliwa Filtron PP 850/2,5904608028501,1,1
Filtr paliwa FILTRON PP 839/1,5904608018397,1,1
Filtr paliwa B3W020PR,IC-A9755B,1,1
Filtr paliwa B3W006PR PP 839/1,IC-AA0D6C,1,1
Filtr paliwa B3G031PR PE 816/5,IC-B9C0A1,2,1
Filtr paliwa PE 815/5,5904608068156,1,1
Filtr paliwa Filtron PS860,5904608008602,1,1
Filtr paliwa Filtron PE 816/3,5904608048165,1,1
Filtr paliwa FILTRON PE815/2,5904608038159,2,1
Filtr paliwa Filtron PM 816/1,5904608018168,1,1
Filtr paliwa FILTRON PM 815/4,5904608058157,1,1
Filtr paliwa Filtron PE 816/5,5904608068163,1,1
Filtr paliwa Filtron PE 816/4,5904608058164,1,1
2,222,2,2
NAZWA_TOW,SYMBOL,ILOSC,2
Filtr oleju Filtron OE 670,5904608006707,1,2
Filtr oleju Filtron OE 672,5904608006721,1,2
Filtr oleju FIltron OE 674/6,5904608076748,1,2
Filtr oleju Filtron OE 674/2,5904608036742,2,2
Filtr oleju Filtron OE 666/1,5904608026668,1,2
Filtr oleju Filtron OE 649/7,5904608086495,2,2
Filtr oleju Filtron OE 650/2,5904608036506,3,2
Filtr oleju Filtron OE 671,5904608006714,1,2
Filtr oleju Filtron OE 685/4,5904608056856,1,2
Filtr oleju Filtron OE 673,5904608006738,1,2
Filtr oleju Filtron OE 682,5904608006820,1,2
Filtr oleju Filtron OE 669,5904608006691,1,2
Filtr oleju Filtron OE 666,5904608006660,2,2
Filtr oleju Filtron OE 662,5904608006622,1,2
Filtr oleju Filtron OE 667/1,5904608026675,2,2
Filtr oleju Filtron OE 683,5904608006837,1,2
Filtr oleju Filtron OE 682/2,5904608036827,1,2
Filtr oleju Filtron oe 685/2,5904608036858,1,2
Filtr oleju Filtron OE 666/2,5904608036667,1,2
Filtr oleju OE 650/1,5904608026507,3,2
Filtr oleju Filtron OE 649/1,5904608016492,1,2
Filtr oleju Filtron OE 650,5904608006509,1,2
Filtr oleju Filtron OE 655,5904608006554,1,2
Filtr oleju Filtron OE 648/5,5904608066480,2,2
Filtr oleju Filtron OE 649/6,5904608076496,1,2
Filtr oleju Filtron OE 649/4,5904608046499,2,2
Filtr oleju Filtron OE 649/2,5904608026491,1,2
Filtr oleju OE 650/1,5904608026507,1,2
Filtr oleju Filtron OE 649/5,5904608066497,1,2
Filtr oleju Filtron OE 640/3,5904608036407,1,2
Filtr oleju Filtron OP 643/5,5904608066435,2,2
Filtr oleju Filtron OP 642/3,5904608046420,1,2
Filtr oleju filtron OP 641/1,5904608026415,1,2
Filtr oleju Filtron OE 640/7,5904608086402,1,2
Filtr oleju Filtron OE 648/3,5904608046482,1,2
Filtr oleju Filtron OE 648/1,5904608016485,1,2
Filtr oleju Filtron OP 546/1,5904608025463,1,2
Filtr oleju Filtron OP 641,5904608006417,1,2
Filtr oleju Filtron OP 545/2,5904608025456,1,2
Filtr oleju Filtron OE 640/5,5904608056405,1,2
Filtr oleju Filtron OE 640/6,5904608066404,1,2
Filtr oleju Filtron OP 642/2,5904608036421,1,2
Filtr oleju Filtron oe 640/9,5904608106407,1,2
Filtr oleju Filtron OE 648/2,5904608026484,1,2
Filtr oleju Filtron OP 643/4,5904608056436,1,2
Filtr oleju Filtron OE 640/4,5904608046406,2,2
3,3,3,3
NAZWA_TOW,SYMBOL,ILOSC,3
Filtr powietrza B25055PR,IC-A8FDF4,1,3
Filtr powietrza B25031pr Ap 180,IC-A90046,1,3
Filtr powietrza B25049PR AP 181,IC-A90036,1,3
Filtr powietrza B2W020PR AP183,IC-AA0F22,2,3
Filtr powietrza B2W058PR AP 183/3,IC-BA7090,1,3
Filtr powietrza B2W041PR,IC-AA0CA9,1,3
Filtr powietrza B21071PR AP 185/5,IC-AA0A3F,1,3
Filtr powietrza B2S002PR AP 189/1,IC-AE7CE0,1,3
Filtr powietrza B2C055PR,IC-D8029E,1,3
Filtr powietrza B2R060PR,IC-C3E2B3,1,3
Filtr powietrza Filtron AR 286,5904608002860,1,3
Filtr powietrza B2W050PR AP186,IC-B9C560,1,3
Filtr powietrza Filtron AP 185/1,5904608011855,2,3
Filtr powietrza B2R048PR AP 185/2,IC-B9C580,1,3
Filtr powietrza B2R059PR,,1,3
Filtr powietrza B2R040PR AP 135/2,IC-AA1EF6,1,3
Filtr powietrza FILTRON AP134/3,5904608041340,1,3
Filtr powietrza B2C021PR AP 130/8,IC-AEF6DA,1,3
Filtr powietrza Filtron AP 134/4,5904608051349,1,3
Filtr powietrza Filtron AP 139/1,5904608021397,1,3
Filtr powietrza B2W011PR AP 140,IC-A9EBDB,1,3
Filtr powietrza B2W061PR,IC-C3E2B8,1,3
Filtr powietrza Filtron AP 134/2,5904608021342,1,3
Filtr powietrza B2K005PR AP 138,IC-AA1EF3,1,3
Filtr powietrza B21051PR AP 134/7,IC-AA0E85,1,3
Filtr powietrza FILTRON AP 133/2,5904608031334,1,3
Filtr powietrza B2R034PR AR 131/1,IC-AEF66B,1,3
Filtr powietrza B2R018PR AP 134/1,IC-BA87CB,1,3
Filtr powietrza BluePrint ADH22269,5050063006599,1,3
Filtr powietrza B2W047PR,IC-B9C57F,1,3
Filtr powietrza B2S006PR AP 149/4,IC-AA0F25,2,3
Filtr powietrza B2W030PR AP 149/3,IC-AA1FAC,1,3
Filtr powietrza B2X028PR AP152,IC-AE7CE5,1,3
Filtr powietrza B2V012PR AP 149,IC-AA1EF7,1,3
Filtr powietrza B22092PR AP 142/6,IC-A90091,1,3
Filtr powietrza Filtron AP 134/2,5904608021342,1,3
Filtr powietrza Filtron AP 142/3,5904608041425,1,3
Filtr powietrza LX1950 AP142/4,4009026511442,1,3
Filtr powietrza B22089PR AP 142/3,IC-A9016B,1,3
Filtr powietrza Filtron AP 155,5904608001559,2,3
Filtr powietrza Filtron AP 151/5,5904608061515,1,3
Filtr powietrza B21060PR,IC-A8FDDB,1,3
4,4,4,4
Filtr powietrza B2G018PR AE251,,1,4
Filtr powietrza B2W026PR AR 265/1,IC-AEF687,1,4
Filtr powietrza B2F049PR AR 234/3,IC-AEF6E1,2,4
Filtr powietrza B2F055PR AR 232/2,IC-B9C55F,1,4
Filtr powietrza B24033PR AP187/1,IC-A90042,1,4
Filtr powietrza B2W009PR AR 265,IC-AA017E,1,4
Filtr powietrza Filtron AP 182/7,5904608081827,1,4
Filtr powietrza Filtron AR 234/3,5904608042347,1,4
Filtr powietrza B2G070PR AK 372/1,IC-BDC016,1,4
Filtr powietrza B28029PR,IC-A8FDFA,2,4
Filtr powietrza B2F070PR AR 316/1,,1,4
Filtr powietrza Purflux A1096,3286061841791,1,4
Filtr powietrza B24033PR AP187/1,IC-A90042,1,4
Filtr powietrza Filtron AP 195,5904608001955,1,4
Filtr powietrza B28038PR Ap 190/9,IC-B8B667,1,4
Filtr powietrza B28025PR,IC-A9006C,1,4
Filtr powietrza B2R048PR AP 185/2,IC-B9C580,1,4
Filtr powietrza Filtron AP 184,5904608001849,1,4
Filtr powietrza Filtron AR 215,5904608002150,1,4
Filtr powietrza B2S001PR AP 189,IC-A9EAE2,1,4
Filtr powietrza Filtron AR 257/3,5904608032577,1,4
Filtr powietrza B2R009PR AR275,IC-A9EADF,1,4
Filtr powietrza B2F039PR AR 234/2,IC-AEF6E9,2,4
Filtr powietrza B2D000PR,IC-BA175C,1,4
Filtr powietrza B2F073PR,,1,4
Filtr powietrza Filtron AR 327/2,5904608033277,1,4
Filtr powietrza Filtron AR 255,5904608002556,1,4
Filtr powietrza Filtron AR 232/1,5904608012326,1,4
Filtr powietrza Filtron AR 316/1,5904608023162,1,4
Filtr powietrza B2W062PR,IC-C57EFA,1,4
Filtr powietrza FILTRON AK 317,5904608003171,1,4
Filtr powietrza Filtron AK 362,5904608003621,1,4
Filtr powietrza B2R021PR AR349,IC-AA0F21,1,4
Filtr powietrza B28013PR AK337,IC-A90098,1,4
Filtr powietrza B2M036PR AR 327/1,IC-A9C540,1,4
Filtr powietrza Filtron AP 362/3,,1,4
Filtr powietrza B2G064PR AP 074/4,IC-BA7B4F,1,4
Filtr powietrza FILTRON AP057,5904608000576,1,4
Filtr powietrza FILTRON AP 042,5904608000422,1,4
Filtr powietrza FILTRON AP040,5904608000408,1,4
Filtr powietrza FILTRON AP 085/2,5904608030580,1,4
Filtr powietrza B22102PR AP 178/1,IC-AA0E87,1,4
Filtr powietrza B2W027PR,IC-AA0F23,1,4
Filtr powietrza B2W017PR Ap 157/2,IC-A9FCB7,1,4
Filtr powietrza B22050PR AP 167,IC-A9013D,1,4
Filtr powietrza B2X049PR,IC-B9C0A7,1,4
Filtr powietrza Mann C29012,4011558019709,1,4
Filtr powietrza B2W016PR,IC-AA0DD1,1,4
Filtr powietrza B22108PR Ap 160/1,IC-AA0B83,2,4
Filtr powietrza B20505PR AP 177/1,IC-A94B07,1,4
Filtr powietrza Bosch F 026 400 114,4047024713055,1,4
Filtr powietrza B21029PR AP154,IC-A90065,2,4
5,5,5,5
Filtr powietrza B2G041PR AP 156,IC-AEF6FE,1,5
Filtr powietrza B2C047PR AP 058/3,IC-BA709D,1,5
Filtr powietrza B2W023PR AP 063/1,IC-AA0F1C,1,5
Filtr powietrza B2F032PR AP 077,IC-AEF6E8,1,5
Filtr powietrza FILTRON AP074/4,5904608050748,1,5
Filtr powietrza B2G033PR,IC-AA017C,1,5
Filtr powietrza B2C049PR AP58/8,IC-C3E2A8,1,5
Filtr powietrza B20332PR AP 177/7,IC-AA0D8C,1,5
Filtr powietrza B2A015PR AP 179/2,IC-BA1705,1,5
FIltr powietrza Filtron AP 160,5904608001603,1,5
Filtr powietrza B22090PR Ap 167/1,IC-A900A4,1,5
Filtr powietrza Filtron AP 160/1,5904608021601,1,5
Filtr powietrza B22088PR AP 167/2,IC-A900BE,1,5
Filtr powietrza B2A011PR AP179/1,IC-B9C57D,1,5
Filtr powietrza B2W019PR AR201,IC-A9FD53,1,5
Filtr paliwa MANN PP 974/1,4011558952105,1,5
Filtr paliwa Filtron PS 980/2,5904608039804,1,5
Filtr paliwa B30326PR PP979/2,IC-A94B33,1,5
Filtr oleju Filtron OP 525/2,5904608025258,1,5
Filtr oleju OM 522/2,5904608025227,1,5
Filtr oleju Filtron OP 525/4,5904608055255,1,5
Filtr oleju Filtron OP 525/3,5904608035257,1,5
Filtr oleju Filtron OP 525,5904608005250,1,5
Filtr oleju Filtron OM 523,5904608005236,1,5
Filtr oleju Filtron OC 602,5904608006028,1,5
Filtr oleju Filtron OM 610,5904608006103,1,5
Filtr oleju Filtron OP 628,5904608006288,1,5
Filtr oleju Filtron OC 601,5904608006011,1,5
Filtr oleju Filtron OP 629,5904608006295,1,5
Filtr oleju filtron op 629/2,5904608036292,1,5
Filtr oleju Filtron OP 592/5,5904608065926,1,5
Filtr oleju Filtron OP 616,5904608006165,2,5
Filtr oleju Filtron OE 640/1,5904608016409,1,5
Filtr oleju filtron op 616/3,5904608046161,2,5
Filtr oleju Filtron OP 618,5904608006189,1,5
Filtr oleju Filtron OP 630,5904608006301,2,5
Filtr oleju filtron op 595/1,5904608025951,1,5
Filtr oleju Filtron OP 592/9,5904608105929,1,5
Filtr oleju Filtron OP 616/2,5904608026163,1,5
Filtr oleju Filtron OE 640/2,5904608026408,1,5
Filtr paliwa FILTRON PS 822/2,PS 822/2,2,5
Filtr paliwa FILTRON PS 820 ,PS 820,3,5
Zawór filtra paliwa HP102 730,1274200000019,2,5
Filtr paliwa FILTRON PS 842,PS 842,1,5
Filtr paliwa IP000010 ,IC-C373A5,10,5
6,6,6,6
Zestaw naprawczy zacisku D4-003,8430320016481,2,6
Zestaw naprawczy zacisku Autofren D4612,8430320051574,2,6
Zestaw naprawczy zacisku D4-468,8430320039848,1,6
Zestaw naprawczy zacisku D4-538,8430320045955,2,6
Zestaw naprawczy zacisku ham. D4337,8430320032115,4,6
Zestaw naprawczy zacisku D4-083,8430320017280,2,6
Zestaw naprawczy zacisku D4-073,8430320017181,2,6
Zestaw naprawczy zacisku D4-576,8430320045795,2,6
Zestaw naprawczy zacisku D4-656,8430320053189,2,6
LIM3078 Pasta do hamulców,4100420030789,4,6
Zestaw naprawczy pompy ham. SC/CN D1542,8430320031026,1,6
Zestaw naprawczy zacisku D4-134,8430320017761,2,6
Świeca zapłonowa Bosch 0 242 229 699,3165143408797,4,6
Osram H15,4008321218391,1,6
Świeca zapłonowa NGK BKR5EYA,87295120873,8,6
Świeca NGK ZFR6P-G,87295168936,6,6
Świeca zapłonowa NGK BKR6EYA-11,87295140734,3,6
Świeca zapłonowa NGK B8EA,87295121207,3,6
Świeca zapłonowa NGK C7HSA,87295146293,2,6
Świeca zapłonowa NGK D7EA,87295179123,2,6
Świeca zapłonowa NGK BPR6ES,87295140086,2,6
Świeca zapłonowa NGK B8HS,87295155103,1,6
Świeca zapłonowa NGK BP7HS,87295151112,1,6
Świeca zapłonowa NGL BR7ES,87295151228,1,6
Świeca zapłonowa NGK BR9ES,87295157220,1,6
Świeca zapłonowa NGK DPR8EA-9,87295149294,1,6
Świeca zapłonowa NGK BR2-LM,87295157985,1,6
Świeca zapłonowa NGK B7HS,87295151105,1,6
NGK V-LINE NR23,87295044834,1,6
NGK V-LINE NR2,87295022689,1,6
NGK V-LINE NR21,87295059326,4,6
NGK V-LINE NR20,87295043882,4,6
NGK V-LINE NR19,87295072653,4,6
NGK V-LINE NR18,87295039755,4,6
NGK V-LINE NR17,87295062371,4,6
NGK V-LINE NR16,87295047835,4,6
NGK V-LINE NR15,87295029411,4,6
NGK V-LINE NR14,87295064658,4,6
NGK V-LINE NR13,87295053393,8,6
NGK V-LINE NR12,87295061299,4,6
NGK V-LINE NR11,87295052822,4,6
NGK V-LINE NR10,87295035771,4,6
NGK V-LINE NR9,87295031537,4,6
NGK V-LINE NR8,87295023648,4,6
NGK V-LINE NR7,87295011836,4,6
NGK V-LINE NR5,87295064665,4,6
NGK V-LINE NR4,87295056370,8,6
NGK V-LINE NR3,87295045534,4,6
NGK V-LINE NR2,87295022689,4,6
NGK V-LINE NR1,87295028766,4,6
7,7,7,7
Filtr oleju Filtron OP 569,5904608005694,1,7
Filtr oleju Filtron OP 539,5904608005397,2,7
Filtr oleju Filtron OP 526/5,5904608055262,2,7
Filtr oleju Filtron OP 532/1,5904608015327,3,7
Filtr oleju Filtron OP 526,5904608045263,1,7
Filtr oleju Filtron OP 574,5904608005748,1,7
Filtr oleju Filtron OP 526/6,5904608065261,1,7
Filtr oleju Filtron OP 544,5904608005441,1,7
Filtr oleju Filtron OP 573,5904608005731,2,7
Filtr oleju OP 541,5904608005410,1,7
Filtr oleju Filtron OP 557,5904608005571,1,7
Filtr oleju Filtron OP 538,5904608005380,1,7
Filtr oleju Filtron OP 570,5904608005700,1,7
Filtr oleju Filtron OP 532/2,5904608035325,2,7
Filtr oleju Filtron OE 540/1,5904608015402,1,7
Filtr oleju Filtron OP 543,5904608005434,1,7
Filtr oleju Filtron OP 545,5904608005458,1,7
Filtr oleju Filtron OP 551,5904608005519,1,7
Filtr oleju FILTRON OP 546,5904608005465,1,7
Filtr oleju Filtron OP 546/1,5904608025463,1,7
Filtr oleju Filtron OP 570/1,5904608025708,1,7
Filtr oleju Filtron OP 545/2,5904608025456,1,7
Filtr oleju Filtron OP 566/2,5904608075666,1,7
Filtr oleju Filtron OP 575,5904608005755,1,7
Filtr oleju Filtron OE 537,5904608005373,2,7
Filtr oleju Filtron OP 564/1,5904608025647,1,7
Filtr oleju Filtron OP 534,5904608005342,1,7
Filtr oleju Filtron OP 572,5904608005724,1,7
Filtr oleju Filtron OP 537/2,5904608035370,1,7
CERAM CB,5907439901029,2,7
CERAM CK,5907439901012,1,7
CERAM CM-2T,5907439901050,1,7
8,5904608005694,1,7
8,8,8,8
NGK V-LINE NR24,87295030455,8,8
NGK V-LINE NR26,87295168950,8,8
NGK V-LINE NR27,87295054611,4,8
NGK V-LINE NR29,87295063422,4,8
NGK V-LINE NR31,87295063446,4,8
NGK V-LINE NR32,87295063453,4,8
NGK V-LINE NR33,87295016626,4,8
NGK V-LINE NR35,87295016671,4,8
NGK V-LINE NR39,87295057766,4,8
NGK V-line NR40,87295817636,6,8
NGK V-LINE NR41,,4,8
NGK V-line NR42,87295874721,4,8
NGK V-line NR45,87295864630,4,8
NGK V-line NR46,87295822975,4,8
NGK V-line NR48,87295868157,4,8
NGK V-line NR53,8795843017,4,8
Świeca zapłonowa Denso K16TT,42511460348,4,8
Świeca zapłonowa NGK DCPR7EN-10,87295149836,4,8
Świeca zapłonowa Bosch 0 242 236 560-7A0,4047024115514,4,8
Świeca zapłonowa NGK DPR8EA-9,87295149294,3,8
Świeca zapłonowa Bosch 0 242 240 593,3165143134443,1,8
Świeca zapłonowa NGK BPR6ES,87295178225,1,8
Świeca zapłonowa NGK BKUR5ET-10,87295175538,4,8
Świeca żarowa D-power nr4,87295156056,4,8
Świeca zapłonowa NGK BKR5ES,87295124604,1,8
Świeca zapłonowa Bosch 0 242 235 758,3165143505250,4,8
9,9,9,9
Wentyl 4max 4806-20-0413P,IC-B76FFB,97,9
Poduszka skrzyni biegów FZ90379,IC-B44D2C,1,9
Uszczelka pokrywy zaw. EL591076,4041248037065,1,9
Uszczelka pokrywy zaworów EL332130,4041248189764,1,9
Linka ham. Linex 14.20.01,14.20.01,1,9
Uszczelka pokrywy zaworów EL399570,4041248198513,1,9
Linka ham. Linex 14.20.02,14.20.02,1,9
Uszczelka pokrywy zaw. EL717480,4041248487181,1,9
Uszczelka pokrywy zaworów EL919497,4041248108086,2,9
Uszczelka pokrywy zaw. EL068190,4041248147955,1,9
Uszczelka pokrywy zaw. EL505060,4041248424315,1,9
Uszczelka kolektora EL480650,4041248511893,2,9
Pasek antystatyczny MMT O176 PA100,5901225422736,2,9
Uszczelka Bosal 256-705,3351642567053,1,9
Uszczelka tłumika Bosal 256-054,3351642560542,1,9
Uszczelka tłumika Bosal 256-087,3351642560870,1,9
Kierunkowskaz Depo 661-1406N-UE,661-1406N-UE,1,9
Kierunkowskaz Depo 215-1424N-UE,215-1424N-UE,2,9
Oprawka Hella 12 26 084,IC-598071,1,9
Lampa kierunkowskazu Depo 442-1403N-UE,442-1403N-UE,1,9
Poduszka stabilizatora J70002D,5900427126169,3,9
Poduszka stabilizatora J70002AD,5900427877276,2,9
LIN14.20.04,5907668206414,1,9
Linka ham. ręcznego Linex 14.01.03,14.01.03,1,9
Tuleja wahacza Tedgum 00213189,5908229910375,4,9
Poduszka silnika FZ90358,IC-B4173A,1,9
Osłona przegubu Impregom 27438,8033989080543,1,9
Klucz do świec TOPTUL 21mm CTFB2135,5900427602618,1,9
Poduszka skrzyni biegów IMP26046,8033989068350,1,9
10,10,10,9
Wycieraczki Valeo VAL577845,3276425778450,1,10
Sprężyna gazowa MM GS0100 430719010000,8001063455396,2,10
Sprężyna gazowa MM GS0080 430719008000,1063455198,2,10
Sprężyna gazowa Krosno KR23115,5907446222063,1,10
Sprężyna gazowa Krosno KR21678,5907446226320,2,10
Adriauto AD11.0178,IC-309625,1,10
HP302 763 Dystans,9532310000018,1,10
Wieszak t?umika Bosal 255-079,3351642550796,2,10
Pokrowiec kierownicy MMT CP10061,5902596581244,3,10
Uszczelka głowicy Elring EL710.251,4041248119112,2,10
Uszczelka głowicy Elring EL144.470,4041248010976,1,10
Uszczelka pokrywy Elring EL136.271,4041248567135,1,10
Linka hol. MMT A155 002,5900744092222,1,10
Pasek klinowy Conti 10x613,4010858780319,1,10
Pasek klinowy Conti 10x800,4010858780074,1,10
Pasek klinowy Conti 10x913,4010858780166,2,10
Pasek klinowy Conti 10 x 735,4010858780050,1,10
Pasek wieloklinowy Conti 4 PK 665,4010858530105,1,10
Pasek klinowy Conti 10 x 710,4010858878849,1,10
Pasek wieloklinowy Conti 4PK950,4010858478575,1,10
11,11,11,
Wahacz Febi FE15952,4027816159520,1,11
Wahacz Magneti ARM001 301181300100,8001063172866,1,11
Wahacz Magneti ARM002 301181300200,8001063172873,1,11
Łańcuchy antypoślizgowe E9/90,8429296990000,1,11
Szczęki ham. LPR00890,8032532037133,1,11
Szczęki ham. LPR08770,8032532063750,1,11
CHAINLUBE ROADP C2+ 400ml,3374650005218,1,11
MA 20-A10 Smar miedziany spray 400ml,,2,11
MA 20-A04 Środek do styków 250ml,5905694012207,1,11
GREASEN GRAFIT 800G Orlen Smar grafitowy,5901001777654,1,11
12,12,12,
Filtr powietrza B28030PR AP 130/9,IC-A8FDFB,2,12
Filtr powietrza B2F059PR AP 092/7,IC-B46ECE,1,12
Filtr powietrza FILTRON AP092/9,5904608100924,1,12
Filtr powietrza B2G029PR,IC-AA1EF1,1,12
Filtr powietrza PURFLUX A1143,3286064000270,1,12
Filtr powietrza Filtron AP 130/3,5904608041302,2,12
Filtr powietrza B2C021PR AP 130/7,IC-AEF6DA,2,12
Filtr powietrza Filtron AP 107/2,5904608031075,2,12
Filtr powietrza b2c025PR,IC-C57EFE,1,12
Filtr powietrza B2R018PR AP 134/1,IC-BA87CB,1,12
Filtr powietrza B24053PR AP 102/3,IC-A8FDED,1,12
Filtr powietrza B2R024PR AP132,IC-A9C559,1,12
Filtr powietrza Filtron AP 113/3,5904608041135,1,12
Filtr powietrza Filtron AP 118/1,5904608011183,1,12
Filtr powietrza FILTRON AP130/10,5904608111302,1,12
Filtr powietrza B2P012PR,IC-A9C547,1,12
Filtr powietrza B24079PR,IC-D776DF,2,12
Filtr powietrza B24058PR AP 104/7,IC-A8FDF1,1,12
Filtr powietrza B23045PR AP111/1,IC-A900D8,2,12
Filtr powietrza B28038PR Ap 190/9,IC-B8B667,1,12
Filtr powietrza B24055PR AP 104/4,IC-A8FDEF,1,12
Filtr powietrza B23054PR,IC-A8FDE9,1,12
Filtr powietrza B20529PR AP 107/7,IC-B3B3A7,1,12
Filtr powietrza Filtron AP 122/8,5904608091222,1,12
Filtr powietrza FILTRON AP130/2,5904608031303,1,12
Filtr pow. B23023PR,IC-AA00B7,1,12
Filtr powietrza B21066PR Ap124/1,IC-A9FCD1,1,12
Filtr powietrza FILTRON AP092/5,5904608060921,1,12
Filtr powietrza B2F057PR Ap 091/4,IC-A9FFB8,1,12
Filtr powietrza B20514PR Ap107/1,IC-A94B0F,1,12
Filtr powietrza Filtron Ap 122/9,5904608101228,1,12
Filtr powietrza B25061PR AP 120/4,IC-AA0A5C,1,12
Filtr powietrza B20318PR AP108/2,IC-A94AF6,1,12
Filtr powietrza B20327PR Ap 108/9,IC-A94AFF,1,12
Filtr powietrza FILTRON AP 129,5904608001290,1,12
Filtr powietrza B2C030PR AP 080/7,IC-AEF6D8,1,12
Filtr powietrza B24065PR AP 106/3,IC-AA0DB5,1,12
Filtr powietrza B24057PR AP104/6,IC-AA005C,1,12
Filtr powietrza B24072PR,IC-B3B3B7,1,12
Filtr powietrza FILTRON AP 133/2,5904608031334,1,12
Filtr powietrza B2C047PR AP 058/3,IC-BA709D,1,12
Filtr powietrza FILTRON AP 085/2,5904608030580,1,12
Filtr powietrza FILTRON AP020/2,5904608030207,1,12
Filtr powietrza Filtron AP 003/5,5904608060037,1,12
Filtr powietrza Filtron AP 003/3,5904608040039,1,12
Filtr powietrza B2F056PR Ap 022/1,IC-B46EC3,1,12
Filtr powietrza B2M042PR AP 010,IC-A9D652,1,12
Filtr powietrza B2M070PR AP 034/2,IC-BA1E97,1,12
Filtr powietrza Filtron AP 011,5904608000118,1,12
Filtr powietrza B2B000PR Ap 026,IC-AA042C,1,12
Filtr powietrza Filtron AP 026,5904608000262,1,12
Filtr powietrza B2F028PR,IC-AA0C5F,1,12
Filtr powietrza Filtron AP 035/2,5904608030351,1,12
Filtr powietrza B2F069PR AP 022/2,IC-B9C64A,1,12
Filtr powietrza FILTRON AP002,5904608000026,1,12
Filtr powietrza Filtron AP 013,5904608000132,1,12
Filtr powietrza FILTRON AP003,5904608000033,1,12
13,13,13,
Amortyzator Magnum AHF016MT,,2,13
Filtr powietrza FILTRON AP005,5904608000057,1,13
Filtr powietrza Filtron AP 003/5,5904608060037,1,13
Filtr powietrza FILTRON AP006,5904608000064,1,13
Filtr paliwa B3W016PR PP 839,IC-A9FCBA,2,13
Filtr paliwa B3G024PR,IC-A9FFB5,1,13
Filtr paliwa Bosch 1 457 434 293,4047023566072,1,13
Filtr paliwa B3P006PR PP831/1,IC-A9FD5B,1,13
Filtr paliwa Filtron PP 836/4,5904608058362,1,13
Filtr paliwa FILTRON PP 836/3,5904608048363,1,13
Filtr paliwa B3G005PR PP 865/2,IC-A9C494,1,13
Filtr paliwa B3G011PR PP 865,IC-AA0B52,1,13
Filtr paliwa Filtron PP 837,5904608008374,1,13
Filtr paliwa Filtron PP 859,5904608008596,1,13
Filtr kabinowy B42001PR K1134-2x,IC-A9010E,1,13
KNECHT LAK73/S,4009026504895,1,13
Filtr kabinowy B4F018PR K1122,IC-B46EB7,1,13
Filtr kabinowy B40307PR,IC-A94B5D,1,13
14,14,14,
Filtr powietrza Filtron AP 074,5904608000743,1,14
Filtr powietrza Filtron Ap 074/3,5904608040749,1,14
Filtr powietrza B2F072PR Ap 092/8,IC-C3E2AB,2,14
Filtr powietrza Filtron AP 091/4,5904608050915,1,14
Filtr kabinowy B4C009PR K1107,IC-AA069F,1,14
Filtr kabinowy B4G013PR K1110,IC-B46ED1,1,14
Filtr kabinowy B4X014PR,IC-A9BFAF,1,14
Filtr kabinowy B4A014CPR K1078A,IC-B4D0A4,1,14
Filtr kabinowy B4R018CPR K1089A,IC-B8B4A0,1,14
Filtr kabinowy B4R018PR K1089,IC-A9FFB4,1,14
Filtr kabinowy filtron k 1087,5904608080875,1,14
Filtr kabinowy Filtron K 1083,5904608010834,1,14
Filtr kabinowy B4W018PR K1111,IC-AA06A1,1,14
Filtr pow. kabinowy Filtron K 1108,5904608081087,1,14
Filtr kabinowy B4D005PR-2X,IC-CFE33E,1,14
Filtr kabinowy B4C006PR K1102,IC-AA069E,1,14
Filtr kabinowy B4V005PR K1115,IC-AA06A2,2,14
Filtr.pow. Knecht K1115,4009026507629,1,14
Filtr kabinowy B44008PR,IC-A8FE13,1,14
Filtr kabinowy B40305PR K1232,IC-A94B5B,1,14
Filtr kabinowy B4F018PR K1122,IC-B46EB7,1,14
Filtr kabinowy B4F013CPR K1103A,IC-B46EC7,1,14
Filtr kabinowy B4G022PR K1251,IC-C3E2D0,1,14
Fltr kabinowy B40006PR K1166,IC-A94AD0,1,14
Filtr kabinowy B41018PR K1255,IC-AA0A95,1,14
Filtr kabinowy Filtron K1101,5904608081018,1,14
Filtr kabinowy B40501PR K1149,IC-A94B60,1,14
filtr kabinowy b43002pr K1112-2x,IC-A9013C,1,14
Filtr powietrza B2X058PR Ap 072/1,IC-B46EFE,1,14
Filtr powietrza B2P027PR AP 080/8,IC-AEF65B,1,14
Filtr powietrza Filtron AP 082,5904608000828,1,14
Filtr powietrza Filtron AP 082/2,5904608020826,1,14
Filtr powietrza Filtron AP 082/1,5904608010827,1,14
Filtr powietrza B2W023PR AP 063/1,IC-AA0F1C,2,14
Filtr powietrza Filtron AP 078/2,5904608030788,1,14
Filtr kabinowy B4W007PR K1037,IC-A9FCEC,1,14
Filtr powietrza B2P025PR AP 080/4,IC-AEF656,1,14
Filtr kabinowy B4R029PR-2X K1248-2X,IC-C3E2D5,2,14
15,15,15,15
Filtr kabinowy B4M019PR K1146,IC-BA119F,1,15
Filtr powietrza B2W010PR AP 063,IC-A9DE05,1,15
Filtr kabinowy B4G000PR K1008,IC-A9C475,1,15
Filtr powietrza Filtron AP 089,5904608000897,1,15
Filtr kabinowy B4B002CPR K1136A,IC-BDC005,1,15
Filtr kabinowy B4M010PR K1065,IC-AA0645,1,15
Filtr kabinowy B4W006PR K1024,IC-A9FCEB,1,15
Filtr kabinowy B4W005PR K1004,IC-A9FCEA,1,15
Filtr kabinowy Filtron K 1006,5904608010063,1,15
Filtr kabinowy B4G008PR K1010,IC-AA0CEC,1,15
Filtr kabinowy B4X003PR K1009,IC-A9FD60,1,15
Filtr powietrza B2P012PR Ap 021,IC-A9C547,1,15
Filtr powietrza B2F036PR AP091,IC-A9C489,1,15
Filtr powietrza B2C044PR AP 090/4,IC-BA1D51,1,15
Filtr powietrza B2G051PR AP 074/3,IC-AA1EF2,1,15
Filtr powietrza B2G064PR AP 074/4,IC-BA7B4F,1,15
Filtr kabinowy Filtron K1262-2x,5904608802620,1,15
Filtr powietrza B20006PR AP 082/4,IC-A94AAE,1,15
Filtr powietrza B20014PR AP 082/5,IC-A94AB3,1,15
Filtr powietrza B2X020PR AP071,IC-A9FD56,1,15
Filtr powietrza FILTRON AP 051/5,5904608060518,2,15
Filtr powietrza B2F002PR,IC-AEF6EA,1,15
Filtr powietrza B2G024PR,IC-AA017A,1,15
Filtr powietrza B2W012PR AP 060,IC-A9DE06,1,15
Filtr powietrza FILTRON AP071,5904608000712,1,15
Filtr kabinowy Filtron K1052,5904608010520,1,15
Filtr kabinowy B4F007PR,IC-AEF5DB,1,15
Filtr pow. kabinowy Knecht LA39,4009026069424,1,15
Filtr powietrza B2F032PR AP 077,IC-AEF6E8,1,15
Filtr powietrza FILTRON AP076,5904608000767,2,15
Filtr powietrza B2F031PR AP076,IC-A9C7B7,1,15
Filtr powietrza Filtron AP 080,5904608000804,1,15
16,16,16,16
Filtr kabinowy Filtron K1055,5904608010551,1,16
Filtr kabinowy B4A015PR K1118A,IC-AA0D89,1,16
Filtr powietrza B20028PR AP 051/8,IC-BDBFF6,1,16
Filtr powietrza FILTRON AP051/6,5904608070517,1,16
Filtr powietrza Filtron AP 051/4,5904608050519,3,16
Filtr powietrza B2P027PR AP 080/8,IC-AEF65B,1,16
Filtr powietrza B20004PR AP 082/2,IC-A94AAC,1,16
Filtr powietrza Filtron AP 080/9,5904608100801,1,16
Filtr kabinowy B4R027PR K1167,IC-AA06F6,1,16
Filtr kabinowy Filtron K1183,5904608801838,1,16
Filtr kabinowy B40004PR,IC-A94ACE,1,16
Filtr kabinowy B4R038PR,IC-E189FB,1,16
Filtr kabinowy B4G018PR K1154,IC-B46EE3,1,16
Filtr kabinowy B4V002PR K1117,IC-A9FC93,1,16
Filtr kabinowy B42006CPR,IC-AA0EEA,1,16
Filtr kabinowy B4F018PR K1122,IC-B46EB7,1,16
Filtr kabinowy B4X023PR K1121,IC-BDC004,1,16
Filtr pow. kabinowy Filtron K 1127,5904608081278,1,16
Filtr powietrza AP 075,5904608000750,1,16
Filtr powietrza FILTRON AP074/5,5904608060747,1,16
Filtr powietrza B2F032PR AP 077,IC-AEF6E8,1,16
Filtr powietrza B2G063PR Ap 074/6,IC-B46EE7,1,16
Filtr kabinowy B4P019CPR,IC-D098F6,1,16
Filtr kabinowy B4F021PR K1209,IC-B46F22,1,16
Filtr kabinowy B4X024CPR K1223A,IC-C3E2D8,1,16
Filtr kabinowy B4F020PR K1172,IC-B46F01,1,16
Filtr kabinowy B41002PR K1174,IC-A8FFE5,1,16
Filtr kabinowy B42013PR K1210,IC-AA0D7D,1,16
Filtr kabinowy B45007PR,IC-AA00E6,1,16
Filtr kabinowy B40513PR K1250,IC-C730B3,1,16
Filtr kabinowy B42011PR K1207,IC-A8FE0C,1,16
Filtr kabinowy B4F023PR K1228,IC-C3E2CF,1,16
Filtr powietrza B2G030PR AP 074,IC-AA017B,1,16
17,17,17,17
Filtr kabinowy B4P016CPR K1147A,IC-B4D534,1,17
Filtr kabinowy B4A016PR,IC-C3E2C7,1,17
Filtr kabinowy Filtron K1002,5904608010025,1,17
Filtr kabinowy B4X001PR K1002,IC-A9BFA8,2,17
Filtr kabinowy B4A000PR,IC-AE8101,1,17
Filtr pow. kabinowy Filtron K 1045,5904608010452,1,17
Filtr kabinowy Filtron K1051,5904608010513,1,17
Filtr kabinowy Filtron K 1047A,5904608110473,1,17
Filtr pow. kabinowy Filtron K 1127,5904608081278,1,17
Filtr kabinowy B4V000PR K1126,IC-A9FC92,1,17
Filtr pow. kabinowy Filtron K 1046,5904608010469,1,17
Filtr kabinowy Filtron K1097,5904608080974,1,17
Filtr powietrza B2W012PR AP060,IC-A900D4,1,17
Filtr pow. kabinowy Filtron K 1095,5904608080950,1,17
Filtr kabinowy Filtron K 1093,5904608080936,1,17
Filtr kabinowy Filtron K 1022,5904608010223,1,17
Filtr kabinowy Filtron K1014,5904608010148,1,17
Filtr kabinowy Filtron K1030,5904608010308,2,17
Filtr pow. kabinowy Filtron K 1027,5904608010278,1,17
Filtr kabinowy B4R003PR K1023,IC-AE7CF4,2,17
Filtr kabinowy B4D002CPR K1035A,C-AA05F3,1,17
Filtr kabinowy B4A003PR K1032,IC-AEF60C,2,17
Filtr kabinowy B4C011PR K1128,IC-BA109B,1,17
LA167,4009026509166,1,17
Filtr kabinowy B4M027CPR,IC-BA87D2,1,17
Filtr kabinowy Filtron K1232,5904608802323,1,17
Filtr kabinowy B4M028CPR-2x,IC-BE3A69,1,17
Filtr kabinowy B40309PR K1245 K1277,IC-B2B07F,3,17
Filtr kabinowy B4C014CPR K1247A,IC-C3E2CD,1,17
Filtr kabinowy B4G020PR K1150,IC-B46EDA,1,17
Filtr kabinowy B4G018PR K1154,IC-B46EE3,1,17
Filtr kabinowy B44003PR,IC-A9017C,1,17
Filtr kabinowy Filtron K1287,5904608802873,1,17
Filtr kabinowy B4W024CPR,IC-D0B3AB,1,17
Filtr kabinowy B44017PR,IC-B3B3C5,1,17
Filtr kabinowy Filtron K1323,5904608803238,1,17
Filtr kabinowy B4W021PR K1313,IC-C6BA3D,1,17
18,18,18,18
Castrol Magnatec SS A3/B4 5W30 1l,4008177155741,3,18
Castrol Magnatec 5W40 C3 1l,4008177155581,1,18
Castrol Magnatec SS A5 5W30 1l,4008177157264,1,18
HELIX ULTRA ECT C3 1L,5011987047365,2,18
HELIX ULTRA 5W40 1L,5011987062924,1,18
HELIX HX7 10W40 1L,5011987860568,1,18
EVO 700 STI 10W40 1L,3267025011177,3,18
Mobil Extra 2T 1l,5055107456842,2,18
Mobil 5W30 ESP 1l,5425037869454,1,18
MOBIL 1 FS X1 5W50 1L,5425037864664,2,18
M-SUP 2000 X1 10W40 1L,5055107435144,1,18
Castrol EDGE 5W40 1l,4008177077289,1,18
Total 5W30 INEO ECS 1l,3425901107622,2,18
QUARTZ 9000 EN. 5W40 1L,3425901107592,1,18
LHM PLUS 1L,3425901111070,1,18
19,19,19,19
PLAT CL.5W40 1L,5901001772840,2,19
ORLEN OIL MIXOL S 1L,5901001766153,6,19
Orlen HIPOL ATF II D 1L,5901001767044,1,19
Shell Helix HX7 5W40 4l,5011987248748,1,19
HELIX HX7 10W40 4L,5011987247932,1,19
MOBIL 1 ESP 5W30 4L,5425037869522,2,19
20,20,20,20
MAGNATEC 5W30 A5 SS 4L,4008177157271,1,20
MAGNATEC 5W40 C3 4L,4008177155598,1,20
HELIX ULTRA 5W40 4L,5011987063419,1,20
M-SUP 3000 X1 5W40 4L+1L,5407005864463,1,20
MOBIL 1 FS X1 5W50 4L,5055107436141,1,20
M-SUP 3000 XE1 5W30 4L,5407004032955,1,20
QUARTZ INEO ECS 5W30 5L,3425901106939,1,20
QUARTZ 9000 EN. 5W40 5L,3425901107035,1,20
QUARTZ 7000 10W40 5L,3425900000344,1,20
"PLAT CL.5W40 4,5L",5901001772857,1,20
Castrol EDGE 5W40 4l,4008177077319,2,20
EVO 900 NF 5W40 4L,3425901108957,1,20
