NAZWA_TOWARU,KOD,ILOSC,IND_IC,NAZWA,CENA DO ODKUPU PLN ZA 1 SZT.
Filtr kabinowy B4A015PR K1118A,IC-AA0D89,1,K 1118A,Filtr kabiny,"44,98"
Filtr powietrza FILTRON AP 085/2,5904608030580,1,AP 085/2,Filtr powietrza,"42,75"
Filtr paliwa FILTRON PP839/4,5904608048394,1,PP 839/4,Filtr paliwa,"39,41"
Filtr paliwa Filtron PP 848/2,5904608038487,1,PP 848/2,Filtr paliwa,"37,73"
Filtr kabinowy B4B002CPR K1136A,IC-BDC005,1,K 1136A,Filtr kabiny,"30,9"
Filtr paliwa Filtron PS 980/2,5904608039804,1,PS 980/2,Filtr paliwa,"30,58"
Filtr kabinowy B4A014CPR K1078A,IC-B4D0A4,1,K 1078A,Filtr kabiny,"30,4"
Filtr paliwa Bosch 1 457 434 437,3165143430712,1,1457434437,Filtr paliwa,"27,75"
Filtr powietrza B2F070PR AR 316/1,,1,AR 316/1,Filtr powietrza,"26,53"
Filtr powietrza Filtron AR 316/1,5904608023162,1,AR 316/1,Filtr powietrza,"26,53"
Filtr paliwa FILTRON PP 848/1,5904608018489,1,PP 848/1,Filtr paliwa,"26,36"
Filtr paliwa Filtron PP 960/1,5904608029607,1,PP 960/1,Filtr paliwa,"25,81"
Filtr powietrza Filtron AK 362,5904608003621,1,AK 362,Filtr powietrza,"25,67"
Filtr paliwa FILTRON PP 836/3,5904608048363,1,PP 836/3,Filtr paliwa,"23,58"
Filtr paliwa Filtron PP 836/4,5904608058362,1,PP 836/4,Filtr paliwa,"23,43"
Filtr paliwa Filtron PP 855,5904608008558,1,PP 855,Filtr paliwa,"22,18"
Filtr kabinowy B4X024CPR K1223A,IC-C3E2D8,1,K 1223A,Filtr kabiny,"22,03"
Filtr powietrza B2M070PR AP 034/2,IC-BA1E97,1,AP 034/2,Filtr powietrza,"21,23"
Filtr powietrza Filtron AP 035/2,5904608030351,1,AP 035/2,Filtr powietrza,"20,54"
Filtr powietrza B2W009PR AR 265,IC-AA017E,1,AR 265,Filtr powietrza,"20,49"
Filtr kabinowy B4C014CPR K1247A,IC-C3E2CD,1,K 1247A,Filtr kabiny,"19,31"
Filtr paliwa Filtron PP 979/4,5904608059796,1,PP 979/4,Filtr paliwa,"19,19"
Filtr paliwa Filtron PP 838/1,5904608018380,2,PP 838/1,Filtr paliwa,"18,79"
Filtr kabinowy B4F013CPR K1103A,IC-B46EC7,1,K 1103A,Filtr kabiny,"18,68"
Filtr kabinowy B4M019PR K1146,IC-BA119F,1,K 1146,Filtr kabiny,"18,56"
Filtr powietrza Filtron AR 327/2,5904608033277,1,AR 327/2,Filtr powietrza,"18,54"
Filtr paliwa FILTRON PP 850,5904608008503,1,PP 850,Filtr paliwa,"17,99"
Filtr paliwa B30326PR PP979/2,IC-A94B33,1,PP 979/2,Filtr paliwa,"17,98"
Filtr paliwa Filtron PP 850/2,5904608028501,1,PP 850/2,Filtr paliwa,"17,89"
Filtr kabinowy B4R018CPR K1089A,IC-B8B4A0,1,K 1089A,Filtr kabiny,"17,88"
Filtr powietrza B24053PR AP 102/3,IC-A8FDED,1,AP 102/3,Filtr powietrza,"17,8"
Filtr powietrza Bosch F 026 400 114,4047024713055,1,F 026 400 114,Filtr powietrza,"17,54"
Filtr paliwa Filtron PP 950,5904608009500,1,PP 950,Filtr paliwa,"17,48"
Filtr kabinowy Filtron K 1047A,5904608110473,1,K 1047A,Filtr kabiny,"17,36"
Filtr paliwa B3G031PR PE 816/5,IC-B9C0A1,2,PE 816/5,Filtr paliwa,"17,31"
Filtr paliwa Filtron PE 816/5,5904608068163,1,PE 816/5,Filtr paliwa,"17,31"
Filtr paliwa Filtron PE 973/2,5904608049735,1,PE 973/2,Filtr paliwa,"17,04"
Filtr paliwa Filtron PP 968,5904608009685,1,PP 968,Filtr paliwa,"16,97"
Filtr kabinowy B40501PR K1149,IC-A94B60,1,K 1149,Filtr kabiny,"16,9"
Filtr oleju Filtron OP 569,5904608005694,1,OP 569,Filtr oleju,"16,85"
Filtr powietrza B2V012PR AP 149,IC-AA1EF7,1,AP 149,Filtr powietrza,"16,79"
Filtr powietrza Filtron AP 089,5904608000897,1,AP 089,Filtr powietrza,"16,76"
Filtr oleju Filtron OP 526/5,5904608055262,2,OP 526/5,Filtr oleju,"16,74"
Filtr paliwa B3W006PR PP 839/1,IC-AA0D6C,1,PP 839/1,Filtr paliwa,"16,69"
Filtr paliwa FILTRON PP 839/1,5904608018397,1,PP 839/1,Filtr paliwa,"16,69"
Filtr powietrza B25061PR AP 120/4,IC-AA0A5C,1,AP 120/4,Filtr powietrza,"16,61"
Filtr powietrza B2G070PR AK 372/1,IC-BDC016,1,AK 372/1,Filtr powietrza,"16,51"
Filtr kabinowy B4V000PR K1126,IC-A9FC92,1,K 1126,Filtr kabiny,"16,29"
LA167,4009026509166,1,LA167,Filtr kabiny,"16,15"
Filtr powietrza B2A015PR AP 179/2,IC-BA1705,1,AP 179/2,Filtr powietrza,"16,07"
Filtr powietrza B22102PR AP 178/1,IC-AA0E87,1,AP 178/1,Filtr powietrza,"15,89"
Filtr kabinowy B4P016CPR K1147A,IC-B4D534,1,K 1147A,Filtr kabiny,"15,56"
Filtr powietrza B2W058PR AP 183/3,IC-BA7090,1,AP 183/3,Filtr powietrza,"15,39"
Filtr kabinowy B4V002PR K1117,IC-A9FC93,1,K 1117,Filtr kabiny,"15,34"
Filtr powietrza B21051PR AP 134/7,IC-AA0E85,1,AP 134/7,Filtr powietrza,"15,34"
Filtr kabinowy B4X023PR K1121,IC-BDC004,1,K 1121,Filtr kabiny,"15,26"
Filtr oleju Filtron OP 526/6,5904608065261,1,OP 526/6,Filtr oleju,"15,21"
Filtr powietrza Filtron Ap 122/9,5904608101228,1,AP 122/9,Filtr powietrza,"15,12"
Filtr paliwa B3G005PR PP 865/2,IC-A9C494,1,PP 865/2,Filtr paliwa,"15,05"
Filtr kabinowy B4M010PR K1065,IC-AA0645,1,K 1065,Filtr kabiny,"15,01"
Filtr powietrza B2W026PR AR 265/1,IC-AEF687,1,AR 265/1,Filtr powietrza,"14,65"
Filtr kabinowy B4W007PR K1037,IC-A9FCEC,1,K 1037,Filtr kabiny,"14,54"
Filtr oleju filtron OP 641/1,5904608026415,1,OP 641/1,Filtr oleju,"14,51"
Filtr paliwa Filtron PP 865/5,5904608068651,1,PP 865/5,Filtr paliwa,"14,49"
Filtr powietrza Filtron AP 051/4,5904608050519,3,AP 051/4,Filtr powietrza,"14,46"
Filtr powietrza Filtron AP 195,5904608001955,1,AP 195,Filtr powietrza,"14,45"
Filtr oleju Filtron OP 592/5,5904608065926,1,OP 592/5,Filtr oleju,"14,44"
Filtr kabinowy B40513PR K1250,IC-C730B3,1,K 1250,Filtr kabiny,"14,37"
Filtr paliwa B3W016PR PP 839,IC-A9FCBA,2,PP 839,Filtr paliwa,"14,3"
Filtr oleju Filtron OE 650,5904608006509,1,OE 650,Filtr oleju,"14,15"
Filtr kabinowy B42011PR K1207,IC-A8FE0C,1,K 1207,Filtr kabiny,"14,08"
Filtr powietrza FILTRON AP 051/5,5904608060518,2,AP 051/5,Filtr powietrza,"14,07"
Filtr kabinowy Filtron K1287,5904608802873,1,K 1287,Filtr kabiny,"14,04"
Filtr powietrza B20028PR AP 051/8,IC-BDBFF6,1,AP 051/8,Filtr powietrza,"14,03"
Filtr powietrza Filtron AP 003/3,5904608040039,1,AP 003/3,Filtr powietrza,"13,98"
Filtr powietrza Filtron AP 011,5904608000118,1,AP 011,Filtr powietrza,"13,97"
Filtr powietrza B2W030PR AP 149/3,IC-AA1FAC,1,AP 149/3,Filtr powietrza,"13,87"
Filtr oleju Filtron OP 574,5904608005748,1,OP 574,Filtr oleju,"13,86"
Filtr powietrza B2G064PR AP 074/4,IC-BA7B4F,1,AP 074/4,Filtr powietrza,"13,84"
Filtr powietrza B20529PR AP 107/7,IC-B3B3A7,1,AP 107/7,Filtr powietrza,"13,75"
Filtr powietrza B2S002PR AP 189/1,IC-AE7CE0,1,AP 189/1,Filtr powietrza,"13,7"
Filtr paliwa PE 815/5,5904608068156,1,PE 815/5,Filtr paliwa,"13,68"
Filtr kabinowy B4D002CPR K1035A,C-AA05F3,1,K 1035A,Filtr kabiny,"13,66"
Filtr kabinowy B41002PR K1174,IC-A8FFE5,1,K 1174,Filtr kabiny,"13,52"
Filtr powietrza B2C047PR AP 058/3,IC-BA709D,1,AP 058/3,Filtr powietrza,"13,51"
Filtr powietrza B2W062PR,IC-C57EFA,1,B2W062PR,Filtr powietrza,"13,4"
Filtr kabinowy B4V005PR K1115,IC-AA06A2,2,K 1115,Filtr kabiny,"13,26"
Filtr powietrza Filtron AP 139/1,5904608021397,1,AP 139/1,Filtr powietrza,"13,23"
Filtr powietrza Filtron AP 118/1,5904608011183,1,AP 118/1,Filtr powietrza,"13,18"
Filtr powietrza B2S006PR AP 149/4,IC-AA0F25,2,AP 149/4,Filtr powietrza,"13,16"
Filtr powietrza B22050PR AP 167,IC-A9013D,1,AP 167,Filtr powietrza,"13,13"
Uszczelka pokrywy zaw. EL717480,4041248487181,1,EL717480,Uszczelka pokrywy zaworów,"13,07"
Filtr powietrza B2M036PR AR 327/1,IC-A9C540,1,AR 327/1,Filtr powietrza,"13,04"
Filtr oleju Filtron OP 592/9,5904608105929,1,OP 592/9,Filtr oleju,"13,03"
Filtr kabinowy B4W006PR K1024,IC-A9FCEB,1,K 1024,Filtr kabiny,"13,01"
Filtr powietrza Filtron AP 122/8,5904608091222,1,AP 122/8,Filtr powietrza,"12,94"
Filtr kabinowy B4R027PR K1167,IC-AA06F6,1,K 1167,Filtr kabiny,"12,9"
Filtr paliwa FILTRON PS 865/4,5904608058652,2,PS 865/4,Filtr paliwa,"12,86"
Filtr oleju Filtron OE 650/2,5904608036506,3,OE 650/2,Filtr oleju,"12,84"
Filtr powietrza B2F049PR AR 234/3,IC-AEF6E1,2,AR 234/3,Filtr powietrza,"12,83"
Filtr powietrza Filtron AR 234/3,5904608042347,1,AR 234/3,Filtr powietrza,"12,83"
Filtr kabinowy B4R029PR-2X K1248-2X,IC-C3E2D5,2,K 1248-2X,Filtr kabiny,"12,74"
Filtr powietrza B28030PR AP 130/9,IC-A8FDFB,2,AP 130/9,Filtr powietrza,"12,61"
Filtr powietrza Filtron AP 003/5,5904608060037,1,AP 003/5,Filtr powietrza,"12,56"
Filtr kabinowy Filtron K1055,5904608010551,1,K 1055,Filtr kabiny,"12,5"
Filtr kabinowy B4G018PR K1154,IC-B46EE3,1,K 1154,Filtr kabiny,"12,44"
Filtr powietrza B2W010PR AP 063,IC-A9DE05,1,AP 063,Filtr powietrza,"12,33"
Filtr oleju Filtron OP 546/1,5904608025463,1,OP 546/1,Filtr oleju,"12,32"
Filtr powietrza B24058PR AP 104/7,IC-A8FDF1,1,AP 104/7,Filtr powietrza,"12,32"
Filtr oleju Filtron OP 525/4,5904608055255,1,OP 525/4,Filtr oleju,"12,26"
Filtr powietrza B2R021PR AR349,IC-AA0F21,1,AR 349,Filtr powietrza,"12,12"
Uszczelka pokrywy zaw. EL505060,4041248424315,1,EL505060,Uszczelka pokrywy zaworów,"12,12"
Filtr oleju Filtron OP 642/3,5904608046420,1,OP 642/3,Filtr oleju,"12,06"
Filtr powietrza B22089PR AP 142/3,IC-A9016B,1,AP 142/3,Filtr powietrza,"12,04"
Filtr powietrza Filtron AP 142/3,5904608041425,1,AP 142/3,Filtr powietrza,"12,04"
Filtr paliwa Filtron PE 816/4,5904608058164,1,PE 816/4,Filtr paliwa,"11,95"
Filtr paliwa B3G024PR,IC-A9FFB5,1,B3G024PR,Filtr paliwa,"11,85"
Filtr powietrza B2M042PR AP 010,IC-A9D652,1,AP 010,Filtr powietrza,"11,83"
Filtr powietrza Filtron AP 113/3,5904608041135,1,AP 113/3,Filtr powietrza,"11,8"
Filtr powietrza B2C044PR AP 090/4,IC-BA1D51,1,AP 090/4,Filtr powietrza,"11,76"
Filtr kabinowy B4G020PR K1150,IC-B46EDA,1,K 1150,Filtr kabiny,"11,74"
Filtr powietrza B2F039PR AR 234/2,IC-AEF6E9,2,AR 234/2,Filtr powietrza,"11,71"
Filtr kabinowy B4C009PR K1107,IC-AA069F,1,K 1107,Filtr kabiny,"11,7"
Filtr oleju Filtron OP 538,5904608005380,1,OP 538,Filtr oleju,"11,7"
Filtr powietrza Filtron AR 232/1,5904608012326,1,AR 232/1,Filtr powietrza,"11,63"
Filtr oleju Filtron OE 640/7,5904608086402,1,OE 640/7,Filtr oleju,"11,51"
Zestaw naprawczy zacisku D4-538,8430320045955,2,D4-538,Zestaw naprawczy zacisku hamulcowego,"11,49"
Filtr oleju Filtron OC 601,5904608006011,1,OC 601,Filtr oleju,"11,43"
Filtr powietrza B2C021PR AP 130/7,IC-AEF6DA,2,AP 130/7,Filtr powietrza,"11,4"
Filtr powietrza Filtron AP 160/1,5904608021601,1,AP 160/1,Filtr powietrza,"11,4"
Filtr powietrza B2F059PR AP 092/7,IC-B46ECE,1,AP 092/7,Filtr powietrza,"11,25"
Filtr powietrza B22092PR AP 142/6,IC-A90091,1,AP 142/6,Filtr powietrza,"11,24"
Filtr pow. kabinowy Filtron K 1127,5904608081278,1,K 1127,Filtr kabiny,"11,16"
Filtr powietrza B2C021PR AP 130/8,IC-AEF6DA,1,AP 130/8,Filtr powietrza,"11,15"
Filtr kabinowy B4A003PR K1032,IC-AEF60C,2,K 1032,Filtr kabiny,"11,05"
Filtr paliwa Filtron PP 837,5904608008374,1,PP 837,Filtr paliwa,"11,02"
Filtr powietrza B20332PR AP 177/7,IC-AA0D8C,1,AP 177/7,Filtr powietrza,"11,02"
Filtr powietrza Filtron AP 185/1,5904608011855,2,AP 185/1,Filtr powietrza,"11,02"
Filtr powietrza B2P027PR AP 080/8,IC-AEF65B,1,AP 080/8,Filtr powietrza,"11,01"
Filtr powietrza B2R040PR AP 135/2,IC-AA1EF6,1,AP 135/2,Filtr powietrza,"10,96"
Zestaw naprawczy zacisku D4-083,8430320017280,2,D4-083,Zestaw naprawczy zacisku hamulcowego,"10,9"
Filtr powietrza B2F069PR AP 022/2,IC-B9C64A,1,AP 022/2,Filtr powietrza,"10,83"
Filtr kabinowy B4W024CPR,IC-D0B3AB,1,B4W024CPR,Filtr kabiny,"10,81"
Filtr paliwa FILTRON PM 815/4,5904608058157,1,PM 815/4,Filtr paliwa,"10,8"
Filtr powietrza B2R048PR AP 185/2,IC-B9C580,1,AP 185/2,Filtr powietrza,"10,79"
Filtr kabinowy B4C011PR K1128,IC-BA109B,1,K 1128,Filtr kabiny,"10,77"
Filtr kabinowy Filtron K1014,5904608010148,1,K 1014,Filtr kabiny,"10,75"
Filtr oleju Filtron OE 640/2,5904608026408,1,OE 640/2,Filtr oleju,"10,74"
Filtr oleju Filtron OP 616/2,5904608026163,1,OP 616/2,Filtr oleju,"10,68"
Filtr powietrza B25049PR AP 181,IC-A90036,1,AP 181,Filtr powietrza,"10,67"
PX C446,3286061813651,1,PX C446,Filtr paliwa,"10,66"
Filtr kabinowy B45007PR,IC-AA00E6,1,B45007PR,Filtr kabiny,"10,64"
Filtr kabinowy B4W005PR K1004,IC-A9FCEA,1,K 1004,Filtr kabiny,"10,63"
Filtr oleju Filtron OP 525/3,5904608035257,1,OP 525/3,Filtr oleju,"10,62"
Zestaw naprawczy zacisku D4-576,8430320045795,2,D4-576,Zestaw naprawczy zacisku hamulcowego,"10,51"
Filtr oleju Filtron OE 685/4,5904608056856,1,OE 685/4,Filtr oleju,"10,5"
Filtr powietrza B2F072PR Ap 092/8,IC-C3E2AB,2,AP 092/8,Filtr powietrza,"10,48"
Filtr oleju Filtron OE 649/5,5904608066497,1,OE 649/5,Filtr oleju,"10,42"
Filtr powietrza B2W019PR AR201,IC-A9FD53,1,AR 201,Filtr powietrza,"10,35"
Filtr kabinowy Filtron K1323,5904608803238,1,K 1323,Filtr kabiny,"10,34"
Filtr powietrza B2F073PR,,1,B2F073PR,Filtr powietrza,"10,31"
Zestaw naprawczy zacisku D4-468,8430320039848,1,D4-468,Zestaw naprawczy zacisku hamulcowego,"10,31"
Filtr powietrza B24065PR AP 106/3,IC-AA0DB5,1,AP 106/3,Filtr powietrza,"10,26"
Filtr oleju Filtron OP 643/5,5904608066435,2,OP 643/5,Filtr oleju,"10,2"
Filtr powietrza Filtron AP 130/3,5904608041302,2,AP 130/3,Filtr powietrza,"10,19"
Filtr powietrza B2X058PR Ap 072/1,IC-B46EFE,1,AP 072/1,Filtr powietrza,"10,13"
Filtr oleju filtron op 629/2,5904608036292,1,OP 629/2,Filtr oleju,"10,12"
Filtr powietrza B2W016PR,IC-AA0DD1,1,B2W016PR,Filtr powietrza,"10,11"
Filtr paliwa FILTRON PS 921,5904608009210,1,PS 921,Filtr paliwa,"10,05"
Filtr oleju Filtron OP 525/2,5904608025258,1,OP 525/2,Filtr oleju,"10,02"
Filtr powietrza B2P025PR AP 080/4,IC-AEF656,1,AP 080/4,Filtr powietrza,"9,99"
Filtr oleju OM 522/2,5904608025227,1,OM 522/2,Filtr oleju,"9,96"
Filtr kabinowy B4X001PR K1002,IC-A9BFA8,2,K 1002,Filtr kabiny,"9,87"
LIN14.20.04,5907668206414,1,LIN14.20.04,Linka gazu,"9,85"
Filtr oleju Filtron OE 649/1,5904608016492,1,OE 649/1,Filtr oleju,"9,83"
Filtr kabinowy Filtron K 1083,5904608010834,1,K 1083,Filtr kabiny,"9,8"
Filtr powietrza Filtron AP 182/7,5904608081827,1,AP 182/7,Filtr powietrza,"9,8"
Filtr kabinowy B4F018PR K1122,IC-B46EB7,1,K 1122,Filtr kabiny,"9,78"
Filtr kabinowy B4G008PR K1010,IC-AA0CEC,1,K 1010,Filtr kabiny,"9,78"
Filtr oleju filtron op 595/1,5904608025951,1,OP 595/1,Filtr oleju,"9,72"
Filtr kabinowy Filtron K1030,5904608010308,2,K 1030,Filtr kabiny,"9,68"
FIltr powietrza Filtron AP 160,5904608001603,1,AP 160,Filtr powietrza,"9,67"
Filtr oleju filtron op 616/3,5904608046161,2,OP 616/3,Filtr oleju,"9,66"
Filtr paliwa FILTRON PE815/2,5904608038159,2,PE 815/2,Filtr paliwa,"9,61"
Filtr paliwa B30329PR,IC-A94B36,1,B30329PR,Filtr paliwa,"9,6"
Filtr paliwa B3G011PR PP 865,IC-AA0B52,1,PP 865,Filtr paliwa,"9,58"
Zestaw naprawczy zacisku D4-656,8430320053189,2,D4-656,Zestaw naprawczy zacisku hamulcowego,"9,56"
Filtr oleju Filtron OE 649/6,5904608076496,1,OE 649/6,Filtr oleju,"9,55"
Filtr paliwa B3W018PR PP 836/1,IC-AA0B25,1,PP 836/1,Filtr paliwa,"9,55"
Filtr paliwa FILTRON PP 841,5904608008411,1,PP 841,Filtr paliwa,"9,54"
Filtr oleju Filtron OP 543,5904608005434,1,OP 543,Filtr oleju,"9,53"
Filtr powietrza B2W023PR AP 063/1,IC-AA0F1C,1,AP 063/1,Filtr powietrza,"9,53"
Filtr powietrza B2W011PR AP 140,IC-A9EBDB,1,AP 140,Filtr powietrza,"9,52"
Filtr paliwa Filtron PP 859,5904608008596,1,PP 859,Filtr paliwa,"9,51"
Filtr oleju Filtron OE 672,5904608006721,1,OE 672,Filtr oleju,"9,49"
Filtr oleju Filtron OE 683,5904608006837,1,OE 683,Filtr oleju,"9,49"
Filtr paliwa B3P006PR PP831/1,IC-A9FD5B,1,PP 831/1,Filtr paliwa,"9,49"
Filtr powietrza Filtron AP 134/4,5904608051349,1,AP 134/4,Filtr powietrza,"9,49"
Filtr powietrza B21071PR AP 185/5,IC-AA0A3F,1,AP 185/5,Filtr powietrza,"9,47"
Filtr paliwa Filtron PE 816/3,5904608048165,1,PE 816/3,Filtr paliwa,"9,41"
Filtr oleju Filtron OE 682/2,5904608036827,1,OE 682/2,Filtr oleju,"9,4"
Filtr kabinowy B4W018PR K1111,IC-AA06A1,1,K 1111,Filtr kabiny,"9,38"
Filtr powietrza B2W012PR AP 060,IC-A9DE06,1,AP 060,Filtr powietrza,"9,36"
Filtr kabinowy filtron k 1087,5904608080875,1,K 1087,Filtr kabiny,"9,3"
Filtr oleju FIltron OE 674/6,5904608076748,1,OE 674/6,Filtr oleju,"9,3"
Filtr oleju Filtron OP 532/2,5904608035325,2,OP 532/2,Filtr oleju,"9,28"
Filtr kabinowy Filtron K1097,5904608080974,1,K 1097,Filtr kabiny,"9,26"
Filtr oleju Filtron OE 649/7,5904608086495,2,OE 649/7,Filtr oleju,"9,19"
Filtr oleju Filtron OP 544,5904608005441,1,OP 544,Filtr oleju,"9,16"
Filtr oleju Filtron OC 602,5904608006028,1,OC 602,Filtr oleju,"9,15"
Filtr kabinowy B4C006PR K1102,IC-AA069E,1,K 1102,Filtr kabiny,"9,12"
Filtr oleju Filtron OP 628,5904608006288,1,OP 628,Filtr oleju,"9,09"
Filtr oleju Filtron OE 667/1,5904608026675,2,OE 667/1,Filtr oleju,"9,08"
Filtr powietrza B2D000PR,IC-BA175C,1,B2D000PR,Filtr powietrza,"9,06"
Adriauto AD11.0178,IC-309625,1,AD11.0178,Linka sprzęgła,"9,05"
Filtr powietrza B2R034PR AR 131/1,IC-AEF66B,1,AR 131/1,Filtr powietrza,"9,02"
Filtr kabinowy B42013PR K1210,IC-AA0D7D,1,K 1210,Filtr kabiny,9
Filtr powietrza Filtron AP 151/5,5904608061515,1,AP 151/5,Filtr powietrza,"8,96"
Filtr powietrza B21066PR Ap124/1,IC-A9FCD1,1,AP 124/1,Filtr powietrza,"8,82"
Filtr oleju Filtron OE 666/2,5904608036667,1,OE 666/2,Filtr oleju,"8,81"
Filtr kabinowy B4P019CPR,IC-D098F6,1,B4P019CPR,Filtr kabiny,"8,8"
Filtr powietrza Filtron AP 184,5904608001849,1,AP 184,Filtr powietrza,"8,79"
Filtr oleju Filtron OE 640/6,5904608066404,1,OE 640/6,Filtr oleju,"8,77"
Filtr powietrza B20014PR AP 082/5,IC-A94AB3,1,AP 082/5,Filtr powietrza,"8,74"
Zestaw naprawczy zacisku D4-134,8430320017761,2,D4-134,Zestaw naprawczy zacisku hamulcowego,"8,66"
Filtr powietrza B25031pr Ap 180,IC-A90046,1,AP 180,Filtr powietrza,"8,64"
Filtr oleju Filtron OE 666/1,5904608026668,1,OE 666/1,Filtr oleju,"8,63"
Pasek wieloklinowy Conti 4 PK 665,4010858530105,1,4 PK 665,Pasek wielorowkowy,"8,62"
Filtr oleju Filtron OE 682,5904608006820,1,OE 682,Filtr oleju,"8,56"
Filtr powietrza Filtron AP 080,5904608000804,1,AP 080,Filtr powietrza,"8,56"
Filtr oleju Filtron OE 648/3,5904608046482,1,OE 648/3,Filtr oleju,"8,5"
Filtr oleju Filtron OE 662,5904608006622,1,OE 662,Filtr oleju,"8,47"
Filtr oleju Filtron OM 523,5904608005236,1,OM 523,Filtr oleju,"8,47"
Filtr oleju Filtron OM 610,5904608006103,1,OM 610,Filtr oleju,"8,44"
Filtr oleju Filtron OE 666,5904608006660,2,OE 666,Filtr oleju,"8,38"
Filtr oleju Filtron OE 649/4,5904608046499,2,OE 649/4,Filtr oleju,"8,36"
Filtr oleju Filtron OP 616,5904608006165,2,OP 616,Filtr oleju,"8,32"
Filtr oleju Filtron OE 649/2,5904608026491,1,OE 649/2,Filtr oleju,"8,31"
Filtr powietrza B2F055PR AR 232/2,IC-B9C55F,1,AR 232/2,Filtr powietrza,"8,3"
Filtr powietrza B2G051PR AP 074/3,IC-AA1EF2,1,AP 074/3,Filtr powietrza,"8,28"
Filtr powietrza Filtron Ap 074/3,5904608040749,1,AP 074/3,Filtr powietrza,"8,28"
Filtr paliwa Filtron PM 816/1,5904608018168,1,PM 816/1,Filtr paliwa,"8,13"
Filtr oleju Filtron OP 557,5904608005571,1,OP 557,Filtr oleju,"8,1"
Filtr oleju Filtron OP 566/2,5904608075666,1,OP 566/2,Filtr oleju,"8,1"
Filtr powietrza B2C055PR,IC-D8029E,1,B2C055PR,Filtr powietrza,"7,96"
Filtr oleju Filtron OP 564/1,5904608025647,1,OP 564/1,Filtr oleju,"7,93"
Filtr oleju Filtron OE 671,5904608006714,1,OE 671,Filtr oleju,"7,9"
Filtr kabinowy B4X014PR,IC-A9BFAF,1,B4X014PR,Filtr kabiny,"7,89"
Filtr kabinowy B4R018PR K1089,IC-A9FFB4,1,K 1089,Filtr kabiny,"7,88"
Filtr oleju Filtron OP 525,5904608005250,1,OP 525,Filtr oleju,"7,87"
Filtr paliwa FILTRON PP 840,5904608008404,1,PP 840,Filtr paliwa,"7,87"
Filtr powietrza Filtron AP 082/1,5904608010827,1,AP 082/1,Filtr powietrza,"7,85"
Uszczelka pokrywy zaworów EL399570,4041248198513,1,EL399570,Uszczelka pokrywy zaworów,"7,83"
Filtr powietrza Filtron AP 134/2,5904608021342,1,AP 134/2,Filtr powietrza,"7,8"
Filtr powietrza B23054PR,IC-A8FDE9,1,B23054PR,Filtr powietrza,"7,72"
Filtr powietrza B20006PR AP 082/4,IC-A94AAE,1,AP 082/4,Filtr powietrza,"7,7"
Filtr oleju Filtron OP 534,5904608005342,1,OP 534,Filtr oleju,"7,66"
Filtr oleju Filtron OP 642/2,5904608036421,1,OP 642/2,Filtr oleju,"7,66"
Filtr oleju Filtron OE 669,5904608006691,1,OE 669,Filtr oleju,"7,65"
Filtr oleju FILTRON OP 546,5904608005465,1,OP 546,Filtr oleju,"7,63"
Filtr kabinowy Filtron K1183,5904608801838,1,K 1183,Filtr kabiny,"7,6"
Filtr powietrza B2S001PR AP 189,IC-A9EAE2,1,AP 189,Filtr powietrza,"7,58"
Filtr oleju Filtron OP 537/2,5904608035370,1,OP 537/2,Filtr oleju,"7,53"
Filtr oleju Filtron OP 641,5904608006417,1,OP 641,Filtr oleju,"7,4"
Filtr oleju Filtron OE 648/5,5904608066480,2,OE 648/5,Filtr oleju,"7,38"
Filtr powietrza B25055PR,IC-A8FDF4,1,B25055PR,Filtr powietrza,"7,35"
Filtr paliwa Filtron PM 936,5904608009364,1,PM 936,Filtr paliwa,"7,32"
Filtr powietrza B2C030PR AP 080/7,IC-AEF6D8,1,AP 080/7,Filtr powietrza,"7,21"
Filtr oleju Filtron OP 629,5904608006295,1,OP 629,Filtr oleju,"7,19"
Filtr kabinowy B4W021PR K1313,IC-C6BA3D,1,K 1313,Filtr kabiny,"7,17"
Filtr kabinowy B4R003PR K1023,IC-AE7CF4,2,K 1023,Filtr kabiny,"7,16"
Filtr oleju Filtron oe 640/9,5904608106407,1,OE 640/9,Filtr oleju,"7,14"
Filtr oleju Filtron oe 685/2,5904608036858,1,OE 685/2,Filtr oleju,"7,11"
Filtr kabinowy B44017PR,IC-B3B3C5,1,B44017PR,Filtr kabiny,"7,08"
Filtr oleju Filtron OE 640/5,5904608056405,1,OE 640/5,Filtr oleju,"7,06"
Filtr oleju Filtron OE 640/3,5904608036407,1,OE 640/3,Filtr oleju,"7,02"
Filtr oleju Filtron OP 630,5904608006301,2,OP 630,Filtr oleju,"7,01"
Filtr oleju Filtron OP 532/1,5904608015327,3,OP 532/1,Filtr oleju,"6,95"
Filtr powietrza B24079PR,IC-D776DF,2,B24079PR,Filtr powietrza,"6,95"
Filtr powietrza FILTRON AP 133/2,5904608031334,1,AP 133/2,Filtr powietrza,"6,93"
Filtr oleju Filtron OP 643/4,5904608056436,1,OP 643/4,Filtr oleju,"6,92"
Filtr paliwa Filtron PM 858,5904608008589,2,PM 858,Filtr paliwa,"6,79"
Filtr kabinowy Filtron K 1093,5904608080936,1,K 1093,Filtr kabiny,"6,78"
Filtr oleju Filtron OP 526,5904608045263,1,OP 526,Filtr oleju,"6,78"
Filtr oleju Filtron OE 648/2,5904608026484,1,OE 648/2,Filtr oleju,"6,76"
Filtr oleju Filtron OE 673,5904608006738,1,OE 673,Filtr oleju,"6,76"
Filtr kabinowy B41018PR K1255,IC-AA0A95,1,K 1255,Filtr kabiny,"6,73"
Filtr oleju Filtron OP 572,5904608005724,1,OP 572,Filtr oleju,"6,72"
Filtr oleju Filtron OP 575,5904608005755,1,OP 575,Filtr oleju,"6,72"
Filtr oleju Filtron OP 573,5904608005731,2,OP 573,Filtr oleju,"6,7"
Filtr kabinowy B42006CPR,IC-AA0EEA,1,B42006CPR,Filtr kabiny,"6,68"
Filtr powietrza AP 075,5904608000750,1,AP 075,Filtr powietrza,"6,6"
Filtr kabinowy B4X003PR K1009,IC-A9FD60,1,K 1009,Filtr kabiny,"6,55"
Filtr oleju Filtron OE 648/1,5904608016485,1,OE 648/1,Filtr oleju,"6,43"
Filtr kabinowy Filtron K 1006,5904608010063,1,K 1006,Filtr kabiny,"6,39"
Filtr oleju Filtron OE 640/4,5904608046406,2,OE 640/4,Filtr oleju,"6,39"
Filtr oleju OE 650/1,5904608026507,3,OE 650/1,Filtr oleju,"6,39"
Filtr kabinowy B40004PR,IC-A94ACE,1,B40004PR,Filtr kabiny,"6,38"
Filtr powietrza Filtron AP 155,5904608001559,2,AP 155,Filtr powietrza,"6,38"
Filtr oleju Filtron OE 670,5904608006707,1,OE 670,Filtr oleju,"6,36"
Filtr oleju Filtron OE 674/2,5904608036742,2,OE 674/2,Filtr oleju,"6,34"
Zestaw naprawczy zacisku D4-073,8430320017181,2,D4-073,Zestaw naprawczy zacisku hamulcowego,"6,34"
Filtr oleju Filtron OP 545/2,5904608025456,1,OP 545/2,Filtr oleju,"6,32"
Filtr kabinowy B4R038PR,IC-E189FB,1,B4R038PR,Filtr kabiny,"6,31"
Filtr oleju Filtron OP 545,5904608005458,1,OP 545,Filtr oleju,"6,1"
Filtr kabinowy B4F020PR K1172,IC-B46F01,1,K 1172,Filtr kabiny,"6,08"
Filtr kabinowy Filtron K1101,5904608081018,1,K 1101,Filtr kabiny,"6,02"
Filtr kabinowy B4G013PR K1110,IC-B46ED1,1,K 1110,Filtr kabiny,"6,01"
Filtr oleju Filtron OP 618,5904608006189,1,OP 618,Filtr oleju,"5,97"
Świeca zapłonowa Bosch 0 242 229 699,3165143408797,4,242229699,Świeca zapłonowa,"5,9"
Filtr pow. B23023PR,IC-AA00B7,1,B23023PR,Filtr powietrza,"5,81"
Filtr powietrza Filtron AP 013,5904608000132,1,AP 013,Filtr powietrza,"5,72"
Filtr powietrza B2G033PR,IC-AA017C,1,B2G033PR,Filtr powietrza,"5,67"
Filtr oleju Filtron OE 640/1,5904608016409,1,OE 640/1,Filtr oleju,"5,64"
Uszczelka pokrywy zaworów EL919497,4041248108086,2,EL919497,Uszczelka pokrywy zaworów,"5,59"
Filtr kabinowy Filtron K1052,5904608010520,1,K 1052,Filtr kabiny,"5,58"
Filtr powietrza B2R059PR,,1,B2R059PR,Filtr powietrza,"5,27"
Filtr oleju Filtron OE 655,5904608006554,1,OE 655,Filtr oleju,"5,11"
Filtr powietrza B28029PR,IC-A8FDFA,2,B28029PR,Filtr powietrza,"5,1"
Filtr kabinowy B4A016PR,IC-C3E2C7,1,B4A016PR,Filtr kabiny,"5,04"
Filtr oleju Filtron OP 570/1,5904608025708,1,OP 570/1,Filtr oleju,5
Filtr kabinowy B4F023PR K1228,IC-C3E2CF,1,K 1228,Filtr kabiny,"4,97"
Filtr powietrza B2W061PR,IC-C3E2B8,1,B2W061PR,Filtr powietrza,"4,67"
Filtr kabinowy B4A000PR,IC-AE8101,1,B4A000PR,Filtr kabiny,"4,63"
Filtr oleju Filtron OP 551,5904608005519,1,OP 551,Filtr oleju,"4,34"
Filtr oleju Filtron OP 570,5904608005700,1,OP 570,Filtr oleju,"4,24"
Filtr kabinowy B4G022PR K1251,IC-C3E2D0,1,K 1251,Filtr kabiny,"4,23"
Filtr powietrza B2R060PR,IC-C3E2B3,1,B2R060PR,Filtr powietrza,"4,23"
Uszczelka pokrywy zaworów EL332130,4041248189764,1,EL332130,Uszczelka pokrywy zaworów,"4,13"
Filtr kabinowy B4F007PR,IC-AEF5DB,1,B4F007PR,Filtr kabiny,"4,03"
Świeca zapłonowa Bosch 0 242 240 593,3165143134443,1,242240593,Świeca zapłonowa,"3,72"
Uszczelka pokrywy zaw. EL591076,4041248037065,1,EL591076,Uszczelka pokrywy zaworów,"3,66"
Filtr powietrza Filtron AR 215,5904608002150,1,AR 215,Filtr powietrza,"3,4"
Poduszka stabilizatora J70002AD,5900427877276,2,J70002AD,Poduszka stabilizatora,"2,91"
Zestaw naprawczy zacisku D4-003,8430320016481,2,D4-003,Zestaw naprawczy zacisku hamulcowego,"2,79"
Poduszka stabilizatora J70002D,5900427126169,3,J70002D,Poduszka stabilizatora,"2,53"
Filtr paliwa FILTRON PS 822/2,PS 822/2,2,PS 822/2,Filtr paliwa,"2,41"
Filtr paliwa FILTRON PS 842,PS 842,1,PS 842,Filtr paliwa,"1,53"
